pack,mc_version,scene,run,avg_fps,low1_fps,ram_mb,startup_s,worldload_s,notes
SLM15,26.2,1,1,,,,,,
SLM15,26.2,1,2,,,,,,
SLM15,26.2,1,3,,,,,,
SLM15,26.2,2,1,,,,,,
SLM15,26.2,2,2,,,,,,
SLM15,26.2,2,3,,,,,,
SLM15,26.2,3,1,,,,,,
SLM15,26.2,3,2,,,,,,
SLM15,26.2,3,3,,,,,,
SLM15,26.2,4,1,,,,,,
SLM15,26.2,4,2,,,,,,
SLM15,26.2,4,3,,,,,,
SLM15,26.2,5,1,,,,,,
SLM15,26.2,5,2,,,,,,
SLM15,26.2,5,3,,,,,,
SLM20,26.2,1,1,,,,,,
SLM20,26.2,1,2,,,,,,
SLM20,26.2,1,3,,,,,,
SLM20,26.2,2,1,,,,,,
SLM20,26.2,2,2,,,,,,
SLM20,26.2,2,3,,,,,,
SLM20,26.2,3,1,,,,,,
SLM20,26.2,3,2,,,,,,
SLM20,26.2,3,3,,,,,,
SLM20,26.2,4,1,,,,,,
SLM20,26.2,4,2,,,,,,
SLM20,26.2,4,3,,,,,,
SLM20,26.2,5,1,,,,,,
SLM20,26.2,5,2,,,,,,
SLM20,26.2,5,3,,,,,,
FO,26.2,1,1,,,,,,
FO,26.2,1,2,,,,,,
FO,26.2,1,3,,,,,,
FO,26.2,2,1,,,,,,
FO,26.2,2,2,,,,,,
FO,26.2,2,3,,,,,,
FO,26.2,3,1,,,,,,
FO,26.2,3,2,,,,,,
FO,26.2,3,3,,,,,,
FO,26.2,4,1,,,,,,
FO,26.2,4,2,,,,,,
FO,26.2,4,3,,,,,,
FO,26.2,5,1,,,,,,
FO,26.2,5,2,,,,,,
FO,26.2,5,3,,,,,,
